{
    "name": "root",
    "gauges": {
        "AIPlayer.Policy.Entropy.mean": {
            "value": 1.4482403993606567,
            "min": 1.441982388496399,
            "max": 1.4482403993606567,
            "count": 98
        },
        "AIPlayer.Policy.Entropy.sum": {
            "value": 7264.3740234375,
            "min": 1697.21337890625,
            "max": 7264.3740234375,
            "count": 98
        },
        "AIPlayer.Step.mean": {
            "value": 1494986.0,
            "min": 1009970.0,
            "max": 1494986.0,
            "count": 98
        },
        "AIPlayer.Step.sum": {
            "value": 1494986.0,
            "min": 1009970.0,
            "max": 1494986.0,
            "count": 98
        },
        "AIPlayer.Policy.ExtrinsicValueEstimate.mean": {
            "value": -58.43586349487305,
            "min": -122.0035629272461,
            "max": -58.43586349487305,
            "count": 98
        },
        "AIPlayer.Policy.ExtrinsicValueEstimate.sum": {
            "value": -5434.53515625,
            "min": -11102.32421875,
            "max": -2106.206787109375,
            "count": 98
        },
        "AIPlayer.Environment.EpisodeLength.mean": {
            "value": 299.0,
            "min": 299.0,
            "max": 299.5,
            "count": 98
        },
        "AIPlayer.Environment.EpisodeLength.sum": {
            "value": 5382.0,
            "min": 599.0,
            "max": 5382.0,
            "count": 98
        },
        "AIPlayer.Environment.CumulativeReward.mean": {
            "value": -165.31052375913066,
            "min": -413.95469635884933,
            "max": -72.14903243810613,
            "count": 98
        },
        "AIPlayer.Environment.CumulativeReward.sum": {
            "value": -2975.589427664352,
            "min": -7451.1845344592875,
            "max": -360.5976873047184,
            "count": 98
        },
        "AIPlayer.Policy.ExtrinsicReward.mean": {
            "value": -165.31052375913066,
            "min": -413.95469635884933,
            "max": -72.14903243810613,
            "count": 98
        },
        "AIPlayer.Policy.ExtrinsicReward.sum": {
            "value": -2975.589427664352,
            "min": -7451.1845344592875,
            "max": -360.5976873047184,
            "count": 98
        },
        "AIPlayer.IsTraining.mean": {
            "value": 1.0,
            "min": 1.0,
            "max": 1.0,
            "count": 98
        },
        "AIPlayer.IsTraining.sum": {
            "value": 1.0,
            "min": 1.0,
            "max": 1.0,
            "count": 98
        },
        "AIPlayer.Losses.PolicyLoss.mean": {
            "value": 0.010507957495186323,
            "min": 0.010507957495186323,
            "max": 0.013393102413586652,
            "count": 5
        },
        "AIPlayer.Losses.PolicyLoss.sum": {
            "value": 0.010507957495186323,
            "min": 0.010507957495186323,
            "max": 0.013393102413586652,
            "count": 5
        },
        "AIPlayer.Losses.ValueLoss.mean": {
            "value": 256.18935343424477,
            "min": 256.18935343424477,
            "max": 435.4449920654297,
            "count": 5
        },
        "AIPlayer.Losses.ValueLoss.sum": {
            "value": 256.18935343424477,
            "min": 256.18935343424477,
            "max": 435.4449920654297,
            "count": 5
        },
        "AIPlayer.Policy.LearningRate.mean": {
            "value": 0.00019360248546584994,
            "min": 0.00019360248546584994,
            "max": 0.00021819167726944998,
            "count": 5
        },
        "AIPlayer.Policy.LearningRate.sum": {
            "value": 0.00019360248546584994,
            "min": 0.00019360248546584994,
            "max": 0.00021819167726944998,
            "count": 5
        },
        "AIPlayer.Policy.Epsilon.mean": {
            "value": 0.16453414999999996,
            "min": 0.16453414999999996,
            "max": 0.17273055000000007,
            "count": 5
        },
        "AIPlayer.Policy.Epsilon.sum": {
            "value": 0.16453414999999996,
            "min": 0.16453414999999996,
            "max": 0.17273055000000007,
            "count": 5
        },
        "AIPlayer.Policy.Beta.mean": {
            "value": 0.0032302540850000006,
            "min": 0.0032302540850000006,
            "max": 0.0036392544449999993,
            "count": 5
        },
        "AIPlayer.Policy.Beta.sum": {
            "value": 0.0032302540850000006,
            "min": 0.0032302540850000006,
            "max": 0.0036392544449999993,
            "count": 5
        }
    },
    "metadata": {
        "timer_format_version": "0.1.0",
        "start_time_seconds": "1740909940",
        "python_version": "3.10.11 (tags/v3.10.11:7d4cc5a, Apr  5 2023, 00:38:17) [MSC v.1929 64 bit (AMD64)]",
        "command_line_arguments": "C:\\UnityProjects\\Powor\\.venv\\Scripts\\mlagents-learn config.yaml --results-dir=Assets/results --resume --no-graphics --run-id=AIPlayer-NavigatingTerrain-DodgingBullets-LookingAtPlayer --torch-device cuda",
        "mlagents_version": "1.1.0",
        "mlagents_envs_version": "1.1.0",
        "communication_protocol_version": "1.5.0",
        "pytorch_version": "2.2.2+cu121",
        "numpy_version": "1.23.5",
        "end_time_seconds": "1740913772"
    },
    "total": 3831.4665927999995,
    "count": 1,
    "self": 0.004419799998686358,
    "children": {
        "run_training.setup": {
            "total": 0.10623990000004824,
            "count": 1,
            "self": 0.10623990000004824
        },
        "TrainerController.start_learning": {
            "total": 3831.3559331000006,
            "count": 1,
            "self": 6.177415200440009,
            "children": {
                "TrainerController._reset_env": {
                    "total": 15.021231900000032,
                    "count": 1,
                    "self": 15.021231900000032
                },
                "TrainerController.advance": {
                    "total": 3810.003636799561,
                    "count": 489876,
                    "self": 5.61645219960883,
                    "children": {
                        "env_step": {
                            "total": 3728.5879164999587,
                            "count": 489876,
                            "self": 2981.918346400058,
                            "children": {
                                "SubprocessEnvManager._take_step": {
                                    "total": 742.5363686997975,
                                    "count": 489876,
                                    "self": 17.032832299768415,
                                    "children": {
                                        "TorchPolicy.evaluate": {
                                            "total": 725.5035364000291,
                                            "count": 489061,
                                            "self": 725.5035364000291
                                        }
                                    }
                                },
                                "workers": {
                                    "total": 4.133201400103474,
                                    "count": 489875,
                                    "self": 0.0,
                                    "children": {
                                        "worker_root": {
                                            "total": 3808.530661300082,
                                            "count": 489875,
                                            "is_parallel": true,
                                            "self": 1113.052120200145,
                                            "children": {
                                                "steps_from_proto": {
                                                    "total": 0.0002593999999476182,
                                                    "count": 1,