{
    "name": "root",
    "gauges": {
        "AIPlayer.Policy.Entropy.mean": {
            "value": 1.4419825077056885,
            "min": 1.4315625429153442,
            "max": 1.4419825077056885,
            "count": 72
        },
        "AIPlayer.Policy.Entropy.sum": {
            "value": 7198.37646484375,
            "min": 7146.3603515625,
            "max": 7232.98388671875,
            "count": 72
        },
        "AIPlayer.Step.mean": {
            "value": 1004977.0,
            "min": 649993.0,
            "max": 1004977.0,
            "count": 72
        },
        "AIPlayer.Step.sum": {
            "value": 1004977.0,
            "min": 649993.0,
            "max": 1004977.0,
            "count": 72
        },
        "AIPlayer.Policy.ExtrinsicValueEstimate.mean": {
            "value": -113.37137603759766,
            "min": -140.81996154785156,
            "max": -94.94695281982422,
            "count": 72
        },
        "AIPlayer.Policy.ExtrinsicValueEstimate.sum": {
            "value": -10316.794921875,
            "min": -12814.6162109375,
            "max": -8640.1728515625,
            "count": 72
        },
        "AIPlayer.Environment.EpisodeLength.mean": {
            "value": 299.0,
            "min": 299.0,
            "max": 299.0625,
            "count": 72
        },
        "AIPlayer.Environment.EpisodeLength.sum": {
            "value": 4784.0,
            "min": 4784.0,
            "max": 5382.0,
            "count": 72
        },
        "AIPlayer.Environment.CumulativeReward.mean": {
            "value": -241.66114956008732,
            "min": -845.4982009271666,
            "max": -203.58803766404284,
            "count": 72
        },
        "AIPlayer.Environment.CumulativeReward.sum": {
            "value": -3866.578392961397,
            "min": -14080.67690793777,
            "max": -3384.0863588672146,
            "count": 72
        },
        "AIPlayer.Policy.ExtrinsicReward.mean": {
            "value": -241.66114956008732,
            "min": -845.4982009271666,
            "max": -203.58803766404284,
            "count": 72
        },
        "AIPlayer.Policy.ExtrinsicReward.sum": {
            "value": -3866.578392961397,
            "min": -14080.67690793777,
            "max": -3384.0863588672146,
            "count": 72
        },
        "AIPlayer.IsTraining.mean": {
            "value": 1.0,
            "min": 1.0,
            "max": 1.0,
            "count": 72
        },
        "AIPlayer.IsTraining.sum": {
            "value": 1.0,
            "min": 1.0,
            "max": 1.0,
            "count": 72
        },
        "AIPlayer.Losses.PolicyLoss.mean": {
            "value": 0.012279916897629544,
            "min": 0.010765313560356541,
            "max": 0.012279916897629544,
            "count": 4
        },
        "AIPlayer.Losses.PolicyLoss.sum": {
            "value": 0.012279916897629544,
            "min": 0.010765313560356541,
            "max": 0.012279916897629544,
            "count": 4
        },
        "AIPlayer.Losses.ValueLoss.mean": {
            "value": 621.0704142252604,
            "min": 621.0704142252604,
            "max": 754.242544555664,
            "count": 4
        },
        "AIPlayer.Losses.ValueLoss.sum": {
            "value": 621.0704142252604,
            "min": 621.0704142252604,
            "max": 754.242544555664,
            "count": 4
        },
        "AIPlayer.Policy.LearningRate.mean": {
            "value": 0.00022703574932142497,
            "min": 0.00022703574932142497,
            "max": 0.000245476143174625,
            "count": 4
        },
        "AIPlayer.Policy.LearningRate.sum": {
            "value": 0.00022703574932142497,
            "min": 0.00022703574932142497,
            "max": 0.000245476143174625,
            "count": 4
        },
        "AIPlayer.Policy.Epsilon.mean": {
            "value": 0.17567857499999998,
            "min": 0.17567857499999998,
            "max": 0.1818253750000001,
            "count": 4
        },
        "AIPlayer.Policy.Epsilon.sum": {
            "value": 0.17567857499999998,
            "min": 0.17567857499999998,
            "max": 0.1818253750000001,
            "count": 4
        },
        "AIPlayer.Policy.Beta.mean": {
            "value": 0.003786360892500001,
            "min": 0.003786360892500001,
            "max": 0.004093086212500001,
            "count": 4
        },
        "AIPlayer.Policy.Beta.sum": {
            "value": 0.003786360892500001,
            "min": 0.003786360892500001,
            "max": 0.004093086212500001,
            "count": 4
        }
    },
    "metadata": {
        "timer_format_version": "0.1.0",
        "start_time_seconds": "1740774528",
        "python_version": "3.10.11 (tags/v3.10.11:7d4cc5a, Apr  5 2023, 00:38:17) [MSC v.1929 64 bit (AMD64)]",
        "command_line_arguments": "C:\\UnityProjects\\Powor\\.venv\\Scripts\\mlagents-learn config.yaml --results-dir=Assets/results --resume --run-id=AIPlayer-NavigatingTerrain-DodgingBullets-LookingAtPlayer --torch-device cuda",
        "mlagents_version": "1.1.0",
        "mlagents_envs_version": "1.1.0",
        "communication_protocol_version": "1.5.0",
        "pytorch_version": "2.2.2+cu121",
        "numpy_version": "1.23.5",
        "end_time_seconds": "1740777447"
    },
    "total": 2919.3234874999616,
    "count": 1,
    "self": 0.003642799914814532,
    "children": {
        "run_training.setup": {
            "total": 0.06618740002159029,
            "count": 1,
            "self": 0.06618740002159029
        },
        "TrainerController.start_learning": {
            "total": 2919.253657300025,
            "count": 1,
            "self": 4.209907187847421,
            "children": {
                "TrainerController._reset_env": {
                    "total": 5.985466200043447,
                    "count": 1,
                    "self": 5.985466200043447
                },
                "TrainerController.advance": {
                    "total": 2909.0030340121593,
                    "count": 364430,
                    "self": 3.8988795729819685,
                    "children": {
                        "env_step": {
                            "total": 2849.750439406489,
                            "count": 364430,
                            "self": 2394.8388807931915,
                            "children": {
                                "SubprocessEnvManager._take_step": {
                                    "total": 452.01633670413867,
                                    "count": 364430,
                                    "self": 12.134039396303706,
                                    "children": {
                                        "TorchPolicy.evaluate": {
                                            "total": 439.88229730783496,
                                            "count": 363824,
                                            "self": 439.88229730783496
                                        }
                                    }
                                },
                                "workers": {
                                    "total": 2.895221909158863,
                                    "count": 364429,
                                    "self": 0.0,
                                    "children": {
                                        "worker_root": {
                                            "total": 2908.1550887341145,
                                            "count": 364429,
                                            "is_parallel": true,
                                            "self": 710.2079964298755,
                                            "children": {
                                                "steps_from_proto": {
                                                    "total": 0.00021219998598098755,
                                                    "count": 1,