{"count":1,"self":1472.5747712,"total":4775.3023886,"children":{"InitializeActuators":{"count":1,"self":0.0020001999999999997,"total":0.0020001999999999997,"children":null},"InitializeSensors":{"count":1,"self":0.0019998999999999998,"total":0.0019998999999999998,"children":null},"AgentSendState":{"count":2824235,"self":22.5252496,"total":65.336427399999991,"children":{"CollectObservations":{"count":564847,"self":20.9297264,"total":20.9297257,"children":null},"WriteActionMask":{"count":564847,"self":1.3816595999999999,"total":1.3816595999999999,"children":null},"RequestDecision":{"count":564847,"self":5.2022091999999995,"total":20.499793,"children":{"AgentInfo.ToProto":{"count":564847,"self":5.0867759999999995,"total":15.297583699999999,"children":{"GenerateSensorData":{"count":564847,"self":10.210808,"total":10.2108077,"children":null}}}}}}},"DecideAction":{"count":2824235,"self":3211.213824,"total":3211.2137817,"children":null},"AgentAct":{"count":2824235,"self":26.122129599999997,"total":26.122130199999997,"children":null},"AgentInfo.ToProto":{"count":1882,"self":0.016769799999999998,"total":0.050247599999999996,"children":{"GenerateSensorData":{"count":1882,"self":0.033477799999999995,"total":0.033477799999999995,"children":null}}}},"gauges":{"AIPlayer.CumulativeReward":{"count":1882,"max":-10,"min":-1740,"runningAverage":-224.080872,"value":-10,"weightedAverage":-10.0000019}},"metadata":{"timer_format_version":"0.1.0","start_time_seconds":"1740741710","unity_version":"6000.0.32f1","command_line_arguments":"C:\\Program Files\\Unity\\Hub\\Editor\\6000.0.32f1\\Editor\\Unity.exe -projectpath C:\\UnityProjects\\Powor -useHub -hubIPC -cloudEnvironment production","communication_protocol_version":"1.5.0","com.unity.ml-agents_version":"3.0.0","scene_name":"Barebones","end_time_seconds":"1740746485"}}