{"count":1,"self":439.82392319999997,"total":926.95092779999993,"children":{"InitializeActuators":{"count":1,"self":0.0009893,"total":0.0009893,"children":null},"InitializeSensors":{"count":1,"self":0.0009983,"total":0.0009983,"children":null},"AgentSendState":{"count":611117,"self":5.0207444,"total":12.0033724,"children":{"CollectObservations":{"count":122224,"self":2.7268928,"total":2.7268927,"children":null},"WriteActionMask":{"count":122224,"self":0.33506549999999996,"total":0.33506549999999996,"children":null},"RequestDecision":{"count":122224,"self":1.0205781,"total":3.9206697999999998,"children":{"AgentInfo.ToProto":{"count":122224,"self":1.0204233,"total":2.9000917,"children":{"GenerateSensorData":{"count":122224,"self":1.8796684,"total":1.8796684,"children":null}}}}}}},"DecideAction":{"count":611117,"self":470.79884799999996,"total":470.79885429999996,"children":null},"AgentAct":{"count":611117,"self":4.3158075999999994,"total":4.3158077,"children":null},"AgentInfo.ToProto":{"count":406,"self":0.0019952999999999998,"total":0.0059941,"children":{"GenerateSensorData":{"count":406,"self":0.0039987999999999994,"total":0.0039987999999999994,"children":null}}}},"gauges":{"AIPlayer.CumulativeReward":{"count":406,"max":0,"min":-10,"runningAverage":-5.19876575,"value":-10,"weightedAverage":-5.766724}},"metadata":{"timer_format_version":"0.1.0","start_time_seconds":"1740415108","unity_version":"6000.0.32f1","command_line_arguments":"C:\\Program Files\\Unity\\Hub\\Editor\\6000.0.32f1\\Editor\\Unity.exe -projectpath C:\\UnityProjects\\Powor -useHub -hubIPC -cloudEnvironment production","communication_protocol_version":"1.5.0","com.unity.ml-agents_version":"3.0.0","scene_name":"Barebones","end_time_seconds":"1740416035"}}