{"count":1,"self":862.091776,"total":2006.6325456,"children":{"InitializeActuators":{"count":1,"self":0.0010002,"total":0.0010002,"children":null},"InitializeSensors":{"count":1,"self":0.0010000999999999999,"total":0.0010000999999999999,"children":null},"AgentSendState":{"count":897901,"self":7.5789192,"total":20.4685389,"children":{"CollectObservations":{"count":179581,"self":5.4973296,"total":5.4973296,"children":null},"WriteActionMask":{"count":179581,"self":0.49240779999999995,"total":0.49240779999999995,"children":null},"RequestDecision":{"count":179581,"self":1.8161985999999999,"total":6.8998826,"children":{"AgentInfo.ToProto":{"count":179581,"self":1.7313568,"total":5.083684,"children":{"GenerateSensorData":{"count":179581,"self":3.3523272,"total":3.3523273,"children":null}}}}}}},"DecideAction":{"count":897901,"self":1106.9034496,"total":1106.9034749999998,"children":null},"AgentAct":{"count":897901,"self":17.1446784,"total":17.144678,"children":null},"AgentInfo.ToProto":{"count":598,"self":0.007915,"total":0.020052499999999997,"children":{"GenerateSensorData":{"count":598,"self":0.012137499999999999,"total":0.012137499999999999,"children":null}}}},"gauges":{"AIPlayer.CumulativeReward":{"count":598,"max":1.910132,"min":-477.5741,"runningAverage":-49.252285,"value":-9.99,"weightedAverage":-73.932106}},"metadata":{"timer_format_version":"0.1.0","start_time_seconds":"1740939790","unity_version":"6000.0.32f1","command_line_arguments":"C:\\Program Files\\Unity\\Hub\\Editor\\6000.0.32f1\\Editor\\Unity.exe -projectpath C:\\UnityProjects\\Powor -useHub -hubIPC -cloudEnvironment production","communication_protocol_version":"1.5.0","com.unity.ml-agents_version":"3.0.0","scene_name":"Barebones","end_time_seconds":"1740941797"}}