{"count":1,"self":1702.8586496,"total":3817.78973,"children":{"InitializeActuators":{"count":1,"self":0.0020008,"total":0.0020008,"children":null},"InitializeSensors":{"count":1,"self":0.0010003,"total":0.0010003,"children":null},"AgentSendState":{"count":2445318,"self":19.9149648,"total":55.5235761,"children":{"CollectObservations":{"count":489064,"self":18.1122096,"total":18.112209099999998,"children":null},"WriteActionMask":{"count":489064,"self":1.1538789999999999,"total":1.1538789999999999,"children":null},"RequestDecision":{"count":489064,"self":4.1359088,"total":16.342523099999998,"children":{"AgentInfo.ToProto":{"count":489064,"self":4.0809131999999995,"total":12.2066144,"children":{"GenerateSensorData":{"count":489064,"self":8.1257007999999988,"total":8.1257010999999988,"children":null}}}}}}},"DecideAction":{"count":2445318,"self":2032.3534848,"total":2032.3534355,"children":null},"AgentAct":{"count":2445318,"self":26.997055999999997,"total":26.9970565,"children":null},"AgentInfo.ToProto":{"count":1630,"self":0.023004399999999998,"total":0.0530167,"children":{"GenerateSensorData":{"count":1630,"self":0.0300123,"total":0.0300123,"children":null}}}},"gauges":{"AIPlayer.CumulativeReward":{"count":1630,"max":-9.994292,"min":-1583.896,"runningAverage":-180.937408,"value":-10,"weightedAverage":-160.220856}},"metadata":{"timer_format_version":"0.1.0","start_time_seconds":"1740909954","unity_version":"6000.0.32f1","command_line_arguments":"C:\\Program Files\\Unity\\Hub\\Editor\\6000.0.32f1\\Editor\\Unity.exe -projectpath C:\\UnityProjects\\Powor -useHub -hubIPC -cloudEnvironment production","communication_protocol_version":"1.5.0","com.unity.ml-agents_version":"3.0.0","scene_name":"Barebones","end_time_seconds":"1740913772"}}