{"count":1,"self":160.9179648,"total":362.8737759,"children":{"InitializeActuators":{"count":1,"self":0.0010023,"total":0.0010023,"children":null},"InitializeSensors":{"count":1,"self":0.0019995,"total":0.0039994,"children":{"CreateObservableSensors":{"count":1,"self":0.0019998999999999998,"total":0.0019998999999999998,"children":null}}},"AgentSendState":{"count":44767,"self":0.0920348,"total":2.7351555999999997,"children":{"CollectObservations":{"count":8954,"self":1.1295524,"total":1.1295524,"children":null},"WriteActionMask":{"count":8954,"self":0.0078345,"total":0.0078345,"children":null},"RequestDecision":{"count":8954,"self":0.0304935,"total":1.5057338999999998,"children":{"AgentInfo.ToProto":{"count":8954,"self":0.0390401,"total":1.4752404,"children":{"GenerateSensorData":{"count":8954,"self":1.4362002999999999,"total":1.4362002999999999,"children":null}}}}}}},"DecideAction":{"count":44767,"self":192.04294399999998,"total":192.0429388,"children":null},"AgentAct":{"count":44767,"self":7.0842896,"total":7.0842893999999994,"children":null},"CreateObservableSensors":{"count":1108,"self":0.087425099999999992,"total":0.087425099999999992,"children":null}},"gauges":{},"metadata":{"timer_format_version":"0.1.0","start_time_seconds":"1739980537","unity_version":"6000.0.32f1","command_line_arguments":"C:\\Program Files\\Unity\\Hub\\Editor\\6000.0.32f1\\Editor\\Unity.exe -projectpath C:\\UnityProjects\\Powor -useHub -hubIPC -cloudEnvironment production","communication_protocol_version":"1.5.0","com.unity.ml-agents_version":"3.0.0","scene_name":"SampleScene","end_time_seconds":"1739980900"}}