{"count":1,"self":341.6129024,"total":958.89681799999994,"children":{"InitializeActuators":{"count":1,"self":0.0017419999999999998,"total":0.0017419999999999998,"children":null},"InitializeSensors":{"count":1,"self":0.001242,"total":0.004148,"children":{"CreateObservableSensors":{"count":1,"self":0.0029059999999999997,"total":0.0029059999999999997,"children":null}}},"AgentSendState":{"count":748134,"self":1.424064,"total":3.9516069999999996,"children":{"CollectObservations":{"count":149627,"self":0.18315599999999999,"total":0.18315599999999999,"children":null},"WriteActionMask":{"count":149627,"self":0.11101499999999999,"total":0.11101499999999999,"children":null},"RequestDecision":{"count":149627,"self":0.551758,"total":2.2333719999999997,"children":{"AgentInfo.ToProto":{"count":149627,"self":0.63462299999999994,"total":1.681614,"children":{"GenerateSensorData":{"count":149627,"self":1.046991,"total":1.046991,"children":null}}}}}}},"DecideAction":{"count":748134,"self":608.1636864,"total":608.16366599999992,"children":null},"AgentAct":{"count":748134,"self":4.639726,"total":4.639726,"children":null},"CreateObservableSensors":{"count":2746,"self":0.35673,"total":0.35673,"children":null},"AgentInfo.ToProto":{"count":13787,"self":0.068714,"total":0.165869,"children":{"GenerateSensorData":{"count":13787,"self":0.097154999999999991,"total":0.097154999999999991,"children":null}}}},"gauges":{"AIPlayer.CumulativeReward":{"count":13787,"max":1.39999986,"min":-1.89999938,"runningAverage":1.03370523,"value":1.04,"weightedAverage":1.048074}},"metadata":{"timer_format_version":"0.1.0","start_time_seconds":"1740057166","unity_version":"6000.0.32f1","command_line_arguments":"\/home\/jarne\/Unity\/Hub\/Editor\/6000.0.32f1\/Editor\/Unity -projectpath \/home\/jarne\/Documents\/Unity_projects\/GunieDown -useHub -hubIPC -cloudEnvironment production","communication_protocol_version":"1.5.0","com.unity.ml-agents_version":"3.0.0","scene_name":"SampleScene","end_time_seconds":"1740058125"}}