{
    "name": "root",
    "gauges": {
        "AIPlayer.Policy.Entropy.mean": {
            "value": 1.4158976078033447,
            "min": 1.4158976078033447,
            "max": 1.4184753894805908,
            "count": 2
        },
        "AIPlayer.Policy.Entropy.sum": {
            "value": 70718.421875,
            "min": 70718.421875,
            "max": 71013.1328125,
            "count": 2
        },
        "AIPlayer.Step.mean": {
            "value": 99945.0,
            "min": 49999.0,
            "max": 99945.0,
            "count": 2
        },
        "AIPlayer.Step.sum": {
            "value": 99945.0,
            "min": 49999.0,
            "max": 99945.0,
            "count": 2
        },
        "AIPlayer.Policy.ExtrinsicValueEstimate.mean": {
            "value": 0.6562178134918213,
            "min": 0.6562178134918213,
            "max": 1.3493939638137817,
            "count": 2
        },
        "AIPlayer.Policy.ExtrinsicValueEstimate.sum": {
            "value": 512.506103515625,
            "min": 512.506103515625,
            "max": 1055.22607421875,
            "count": 2
        },
        "AIPlayer.Losses.PolicyLoss.mean": {
            "value": 0.022823806061933283,
            "min": 0.022823806061933283,
            "max": 0.026010974585187793,
            "count": 2
        },
        "AIPlayer.Losses.PolicyLoss.sum": {
            "value": 0.11411903030966641,
            "min": 0.10404389834075117,
            "max": 0.11411903030966641,
            "count": 2
        },
        "AIPlayer.Losses.ValueLoss.mean": {
            "value": 0.002523499065428041,
            "min": 0.002523499065428041,
            "max": 0.010704281900931771,
            "count": 2
        },
        "AIPlayer.Losses.ValueLoss.sum": {
            "value": 0.012617495327140205,
            "min": 0.012617495327140205,
            "max": 0.042817127603727086,
            "count": 2
        },
        "AIPlayer.Policy.LearningRate.mean": {
            "value": 0.00025675261441579993,
            "min": 0.00025675261441579993,
            "max": 0.00028456605514465,
            "count": 2
        },
        "AIPlayer.Policy.LearningRate.sum": {
            "value": 0.0012837630720789997,
            "min": 0.0011382642205786,
            "max": 0.0012837630720789997,
            "count": 2
        },
        "AIPlayer.Policy.Epsilon.mean": {
            "value": 0.1855842,
            "min": 0.1855842,
            "max": 0.19485535000000004,
            "count": 2
        },
        "AIPlayer.Policy.Epsilon.sum": {
            "value": 0.927921,
            "min": 0.7794214000000002,
            "max": 0.927921,
            "count": 2
        },
        "AIPlayer.Policy.Beta.mean": {
            "value": 0.004280651580000001,
            "min": 0.004280651580000001,
            "max": 0.004743281965,
            "count": 2
        },
        "AIPlayer.Policy.Beta.sum": {
            "value": 0.021403257900000004,
            "min": 0.01897312786,
            "max": 0.021403257900000004,
            "count": 2
        },
        "AIPlayer.Environment.EpisodeLength.mean": {
            "value": 79257.0,
            "min": 13966.0,
            "max": 79257.0,
            "count": 2
        },
        "AIPlayer.Environment.EpisodeLength.sum": {
            "value": 79257.0,
            "min": 13966.0,
            "max": 79257.0,
            "count": 2
        },
        "AIPlayer.Environment.CumulativeReward.mean": {
            "value": -1.0,
            "min": -1.0,
            "max": -1.0,
            "count": 2
        },
        "AIPlayer.Environment.CumulativeReward.sum": {
            "value": -1.0,
            "min": -1.0,
            "max": -1.0,
            "count": 2
        },
        "AIPlayer.Policy.ExtrinsicReward.mean": {
            "value": -1.0,
            "min": -1.0,
            "max": -1.0,
            "count": 2
        },
        "AIPlayer.Policy.ExtrinsicReward.sum": {
            "value": -1.0,
            "min": -1.0,
            "max": -1.0,
            "count": 2
        },
        "AIPlayer.IsTraining.mean": {
            "value": 1.0,
            "min": 1.0,
            "max": 1.0,
            "count": 2
        },
        "AIPlayer.IsTraining.sum": {
            "value": 1.0,
            "min": 1.0,
            "max": 1.0,
            "count": 2
        }
    },
    "metadata": {
        "timer_format_version": "0.1.0",
        "start_time_seconds": "1740048385",
        "python_version": "3.10.11 (tags/v3.10.11:7d4cc5a, Apr  5 2023, 00:38:17) [MSC v.1929 64 bit (AMD64)]",
        "command_line_arguments": "C:\\UnityProjects\\Powor\\.venv\\Scripts\\mlagents-learn config.yaml --run-id=AIPlayerRun --force --torch-device cuda",
        "mlagents_version": "1.1.0",
        "mlagents_envs_version": "1.1.0",
        "communication_protocol_version": "1.5.0",
        "pytorch_version": "2.2.2+cu121",
        "numpy_version": "1.23.5",
        "end_time_seconds": "1740049224"
    },
    "total": 838.9601359999942,
    "count": 1,
    "self": 0.003872699977364391,
    "children": {
        "run_training.setup": {
            "total": 0.06360130000393838,
            "count": 1,
            "self": 0.06360130000393838
        },
        "TrainerController.start_learning": {
            "total": 838.8926620000129,
            "count": 1,
            "self": 1.5539423994487152,
            "children": {
                "TrainerController._reset_env": {
                    "total": 8.67715020000469,
                    "count": 1,
                    "self": 8.67715020000469
                },
                "TrainerController.advance": {
                    "total": 828.5803532005666,
                    "count": 149536,
                    "self": 1.4787527034786763,
                    "children": {
                        "env_step": {
                            "total": 803.1525423993007,
                            "count": 149536,
                            "self": 630.5922861962899,
                            "children": {
                                "SubprocessEnvManager._take_step": {
                                    "total": 171.53035910199105,
                                    "count": 149536,
                                    "self": 4.767344200779917,
                                    "children": {
                                        "TorchPolicy.evaluate": {
                                            "total": 166.76301490121114,
                                            "count": 149534,
                                            "self": 166.76301490121114
                                        }
                                    }
                                },
                                "workers": {
                                    "total": 1.029897101019742,
                                    "count": 149535,
                                    "self": 0.0,
                                    "children": {
                                        "worker_root": {
                                            "total": 825.6398312015663,
                                            "count": 149535,
                                            "is_parallel": true,
                                            "self": 273.5664206003421,
                                            "children": {
                                                "steps_from_proto": {
                                                    "total": 0.00020389999554026872,
                                                    "count": 1,
                                                    "is_parallel": true,
                                                    "self": 7.51999905332923e-05,