{
    "name": "root",
    "gauges": {
        "AIPlayer.Policy.Entropy.mean": {
            "value": 2.028909206390381,
            "min": 1.9590815305709839,
            "max": 2.1260626316070557,
            "count": 115
        },
        "AIPlayer.Policy.Entropy.sum": {
            "value": 20305.322265625,
            "min": 16565.55078125,
            "max": 21277.634765625,
            "count": 115
        },
        "AIPlayer.Step.mean": {
            "value": 4269998.0,
            "min": 3129993.0,
            "max": 4269998.0,
            "count": 115
        },
        "AIPlayer.Step.sum": {
            "value": 4269998.0,
            "min": 3129993.0,
            "max": 4269998.0,
            "count": 115
        },
        "AIPlayer.Policy.ExtrinsicValueEstimate.mean": {
            "value": 8.506179809570312,
            "min": -3.5333385467529297,
            "max": 8.607682228088379,
            "count": 115
        },
        "AIPlayer.Policy.ExtrinsicValueEstimate.sum": {
            "value": 1420.5321044921875,
            "min": -586.5341796875,
            "max": 1432.4163818359375,
            "count": 115
        },
        "AIPlayer.Environment.EpisodeLength.mean": {
            "value": 599.0,
            "min": 599.0,
            "max": 684.7857142857143,
            "count": 115
        },
        "AIPlayer.Environment.EpisodeLength.sum": {
            "value": 10183.0,
            "min": 7789.0,
            "max": 10784.0,
            "count": 115
        },
        "AIPlayer.Environment.CumulativeReward.mean": {
            "value": 50.7930180747062,
            "min": 24.173567013815045,
            "max": 70.17080586124212,
            "count": 115
        },
        "AIPlayer.Environment.CumulativeReward.sum": {
            "value": 812.6882891952991,
            "min": 386.7770722210407,
            "max": 1147.4323934316635,
            "count": 115
        },
        "AIPlayer.Policy.ExtrinsicReward.mean": {
            "value": 50.7930180747062,
            "min": 24.173567013815045,
            "max": 70.17080586124212,
            "count": 115
        },
        "AIPlayer.Policy.ExtrinsicReward.sum": {
            "value": 812.6882891952991,
            "min": 386.7770722210407,
            "max": 1147.4323934316635,
            "count": 115
        },
        "AIPlayer.IsTraining.mean": {
            "value": 1.0,
            "min": 1.0,
            "max": 1.0,
            "count": 115
        },
        "AIPlayer.IsTraining.sum": {
            "value": 1.0,
            "min": 1.0,
            "max": 1.0,
            "count": 115
        },
        "AIPlayer.Losses.PolicyLoss.mean": {
            "value": 0.012390569999721872,
            "min": 0.007900247916889687,
            "max": 0.03306848301241795,
            "count": 27
        },
        "AIPlayer.Losses.PolicyLoss.sum": {
            "value": 0.012390569999721872,
            "min": 0.007900247916889687,
            "max": 0.03306848301241795,
            "count": 27
        },
        "AIPlayer.Losses.ValueLoss.mean": {
            "value": 10.490052509307862,
            "min": 6.087154801686605,
            "max": 51.71932636896769,
            "count": 27
        },
        "AIPlayer.Losses.ValueLoss.sum": {
            "value": 10.490052509307862,
            "min": 6.087154801686605,
            "max": 51.71932636896769,
            "count": 27
        },
        "AIPlayer.Policy.LearningRate.mean": {
            "value": 4.6248204583960004e-05,
            "min": 4.6248204583960004e-05,
            "max": 0.00011020752326417998,
            "count": 27
        },
        "AIPlayer.Policy.LearningRate.sum": {
            "value": 4.6248204583960004e-05,
            "min": 4.6248204583960004e-05,
            "max": 0.00011020752326417998,
            "count": 27
        },
        "AIPlayer.Policy.Epsilon.mean": {
            "value": 0.11541603999999998,
            "min": 0.11541603999999998,
            "max": 0.13673582000000004,
            "count": 27
        },
        "AIPlayer.Policy.Epsilon.sum": {
            "value": 0.11541603999999998,
            "min": 0.11541603999999998,
            "max": 0.13673582000000004,
            "count": 27
        },
        "AIPlayer.Policy.Beta.mean": {
            "value": 0.0007792603960000001,
            "min": 0.0007792603960000001,
            "max": 0.0018431174180000003,
            "count": 27
        },
        "AIPlayer.Policy.Beta.sum": {
            "value": 0.0007792603960000001,
            "min": 0.0007792603960000001,
            "max": 0.0018431174180000003,
            "count": 27
        }
    },
    "metadata": {
        "timer_format_version": "0.1.0",
        "start_time_seconds": "1746471457",
        "python_version": "3.10.11 (tags/v3.10.11:7d4cc5a, Apr  5 2023, 00:38:17) [MSC v.1929 64 bit (AMD64)]",
        "command_line_arguments": "C:\\UnityProjects\\Powor\\.venv\\Scripts\\mlagents-learn config.yaml --env=C:\\UnityProjects\\Powor\\Build\\Powor.exe --results-dir=Assets/AI --resume --no-graphics --run-id=outerwalls-shooting-stationary-shaped-timed --torch-device cuda",
        "mlagents_version": "1.1.0",
        "mlagents_envs_version": "1.1.0",
        "communication_protocol_version": "1.5.0",
        "pytorch_version": "2.2.2+cu121",
        "numpy_version": "1.23.5",
        "end_time_seconds": "1746481982"
    },
    "total": 10525.591139799999,
    "count": 1,
    "self": 0.25608180000017455,
    "children": {
        "run_training.setup": {
            "total": 0.06827670000001262,
            "count": 1,
            "self": 0.06827670000001262
        },
        "TrainerController.start_learning": {
            "total": 10525.266781299999,
            "count": 1,
            "self": 16.052304000357253,
            "children": {
                "TrainerController._reset_env": {
                    "total": 5.069116500000007,
                    "count": 1,
                    "self": 5.069116500000007
                },
                "TrainerController.advance": {
                    "total": 10504.079662399641,
                    "count": 1157774,
                    "self": 13.807342599993717,
                    "children": {
                        "env_step": {
                            "total": 10244.33836820021,
                            "count": 1157774,
                            "self": 4293.072673000348,
                            "children": {
                                "SubprocessEnvManager._take_step": {
                                    "total": 5940.9242137003785,
                                    "count": 1157774,
                                    "self": 50.46842850042776,
                                    "children": {
                                        "TorchPolicy.evaluate": {
                                            "total": 5890.455785199951,
                                            "count": 1156251,
                                            "self": 5890.455785199951
                                        }
                                    }
                                },
                                "workers": {
                                    "total": 10.341481499482768,
                                    "count": 1157773,
                                    "self": 0.0,
                                    "children": {
                                        "worker_root": {
                                            "total": 10498.232230099375,
                                            "count": 1157773,
                                            "is_parallel": true,
                                            "self": 6965.960375398423,
                                            "children": {
                                                "steps_from_proto": {
                                                    "total": 0.000305599999990136,