{
    "name": "root",
    "gauges": {
        "AIPlayer.Policy.Entropy.mean": {
            "value": 1.9538921117782593,
            "min": 1.9252371788024902,
            "max": 2.0057170391082764,
            "count": 30
        },
        "AIPlayer.Policy.Entropy.sum": {
            "value": 19554.552734375,
            "min": 3177.055908203125,
            "max": 20041.765625,
            "count": 30
        },
        "AIPlayer.Step.mean": {
            "value": 4569999.0,
            "min": 4279942.0,
            "max": 4569999.0,
            "count": 30
        },
        "AIPlayer.Step.sum": {
            "value": 4569999.0,
            "min": 4279942.0,
            "max": 4569999.0,
            "count": 30
        },
        "AIPlayer.Policy.ExtrinsicValueEstimate.mean": {
            "value": 8.558733940124512,
            "min": 7.433866024017334,
            "max": 14.881745338439941,
            "count": 30
        },
        "AIPlayer.Policy.ExtrinsicValueEstimate.sum": {
            "value": 1429.30859375,
            "min": 185.84664916992188,
            "max": 2485.25146484375,
            "count": 30
        },
        "AIPlayer.Environment.EpisodeLength.mean": {
            "value": 599.0,
            "min": 599.0,
            "max": 639.0,
            "count": 30
        },
        "AIPlayer.Environment.EpisodeLength.sum": {
            "value": 10183.0,
            "min": 1198.0,
            "max": 10185.0,
            "count": 30
        },
        "AIPlayer.Environment.CumulativeReward.mean": {
            "value": 58.920199130661786,
            "min": 44.627829040674605,
            "max": 74.57544989138842,
            "count": 30
        },
        "AIPlayer.Environment.CumulativeReward.sum": {
            "value": 942.7231860905886,
            "min": 149.15089978277683,
            "max": 1177.4073585122824,
            "count": 30
        },
        "AIPlayer.Policy.ExtrinsicReward.mean": {
            "value": 58.920199130661786,
            "min": 44.627829040674605,
            "max": 74.57544989138842,
            "count": 30
        },
        "AIPlayer.Policy.ExtrinsicReward.sum": {
            "value": 942.7231860905886,
            "min": 149.15089978277683,
            "max": 1177.4073585122824,
            "count": 30
        },
        "AIPlayer.IsTraining.mean": {
            "value": 1.0,
            "min": 1.0,
            "max": 1.0,
            "count": 30
        },
        "AIPlayer.IsTraining.sum": {
            "value": 1.0,
            "min": 1.0,
            "max": 1.0,
            "count": 30
        },
        "AIPlayer.Losses.PolicyLoss.mean": {
            "value": 0.010510966563985372,
            "min": 0.010060868629564842,
            "max": 0.015014149989777554,
            "count": 7
        },
        "AIPlayer.Losses.PolicyLoss.sum": {
            "value": 0.010510966563985372,
            "min": 0.010060868629564842,
            "max": 0.015014149989777554,
            "count": 7
        },
        "AIPlayer.Losses.ValueLoss.mean": {
            "value": 10.634513854980469,
            "min": 9.147971153259277,
            "max": 40.64667895634969,
            "count": 7
        },
        "AIPlayer.Losses.ValueLoss.sum": {
            "value": 10.634513854980469,
            "min": 9.147971153259277,
            "max": 40.64667895634969,
            "count": 7
        },
        "AIPlayer.Policy.LearningRate.mean": {
            "value": 2.6075191308300006e-05,
            "min": 2.6075191308300006e-05,
            "max": 4.0835246388279995e-05,
            "count": 7
        },
        "AIPlayer.Policy.LearningRate.sum": {
            "value": 2.6075191308300006e-05,
            "min": 2.6075191308300006e-05,
            "max": 4.0835246388279995e-05,
            "count": 7
        },
        "AIPlayer.Policy.Epsilon.mean": {
            "value": 0.10869170000000002,
            "min": 0.10869170000000002,
            "max": 0.11361172000000004,
            "count": 7
        },
        "AIPlayer.Policy.Epsilon.sum": {
            "value": 0.10869170000000002,
            "min": 0.10869170000000002,
            "max": 0.11361172000000004,
            "count": 7
        },
        "AIPlayer.Policy.Beta.mean": {
            "value": 0.00044371583000000017,
            "min": 0.00044371583000000017,
            "max": 0.0006892248280000004,
            "count": 7
        },
        "AIPlayer.Policy.Beta.sum": {
            "value": 0.00044371583000000017,
            "min": 0.00044371583000000017,
            "max": 0.0006892248280000004,
            "count": 7
        }
    },
    "metadata": {
        "timer_format_version": "0.1.0",
        "start_time_seconds": "1746519051",
        "python_version": "3.10.11 (tags/v3.10.11:7d4cc5a, Apr  5 2023, 00:38:17) [MSC v.1929 64 bit (AMD64)]",
        "command_line_arguments": "C:\\UnityProjects\\Powor\\.venv\\Scripts\\mlagents-learn config.yaml --env=C:\\UnityProjects\\Powor\\Build\\Powor.exe --results-dir=Assets/AI --resume --no-graphics --run-id=outerwalls-shooting-stationary-shaped-timed --torch-device cuda",
        "mlagents_version": "1.1.0",
        "mlagents_envs_version": "1.1.0",
        "communication_protocol_version": "1.5.0",
        "pytorch_version": "2.2.2+cu121",
        "numpy_version": "1.23.5",
        "end_time_seconds": "1746521007"
    },
    "total": 1955.5040124000006,
    "count": 1,
    "self": 0.1979667999985395,
    "children": {
        "run_training.setup": {
            "total": 0.07445730000472395,
            "count": 1,
            "self": 0.07445730000472395
        },
        "TrainerController.start_learning": {
            "total": 1955.2315882999974,
            "count": 1,
            "self": 3.787210400594631,
            "children": {
                "TrainerController._reset_env": {
                    "total": 6.093715999995766,
                    "count": 1,
                    "self": 6.093715999995766
                },
                "TrainerController.advance": {
                    "total": 1945.290900999411,
                    "count": 299086,
                    "self": 3.3785792018461507,
                    "children": {
                        "env_step": {
                            "total": 1889.2242359988668,
                            "count": 299086,
                            "self": 1019.0964846978459,
                            "children": {
                                "SubprocessEnvManager._take_step": {
                                    "total": 867.6749815993608,
                                    "count": 299086,
                                    "self": 10.46453310353536,
                                    "children": {
                                        "TorchPolicy.evaluate": {
                                            "total": 857.2104484958254,
                                            "count": 298775,
                                            "self": 857.2104484958254
                                        }
                                    }
                                },
                                "workers": {
                                    "total": 2.452769701660145,
                                    "count": 299085,
                                    "self": 0.0,
                                    "children": {
                                        "worker_root": {
                                            "total": 1944.6080534997527,
                                            "count": 299085,
                                            "is_parallel": true,
                                            "self": 1102.262369700271,
                                            "children": {
                                                "steps_from_proto": {
                                                    "total": 0.00090970000019297,
                                                    "count": 1,