{
    "name": "root",
    "metadata": {
        "timer_format_version": "0.1.0",
        "start_time_seconds": "1746361079",
        "python_version": "3.10.11 (tags/v3.10.11:7d4cc5a, Apr  5 2023, 00:38:17) [MSC v.1929 64 bit (AMD64)]",
        "command_line_arguments": "C:\\UnityProjects\\Powor\\.venv\\Scripts\\mlagents-learn config.yaml --results-dir=Assets/AI --resume --no-graphics --run-id=outerwalls-shooting-stationary --torch-device cuda",
        "mlagents_version": "1.1.0",
        "mlagents_envs_version": "1.1.0",
        "communication_protocol_version": "1.5.0",
        "pytorch_version": "2.2.2+cu121",
        "numpy_version": "1.23.5",
        "end_time_seconds": "1746361122"
    },
    "total": 42.84984619996976,
    "count": 1,
    "self": 0.003543900034856051,
    "children": {
        "run_training.setup": {
            "total": 0.06943569995928556,
            "count": 1,
            "self": 0.06943569995928556
        },
        "TrainerController.start_learning": {
            "total": 42.77686659997562,
            "count": 1,
            "self": 0.029178300115745515,
            "children": {
                "TrainerController._reset_env": {
                    "total": 19.604578700033017,
                    "count": 1,
                    "self": 19.604578700033017
                },
                "TrainerController.advance": {
                    "total": 23.023477799841203,
                    "count": 1972,
                    "self": 0.024474901205394417,
                    "children": {
                        "env_step": {
                            "total": 22.84593929827679,
                            "count": 1972,
                            "self": 16.442936400067993,
                            "children": {
                                "SubprocessEnvManager._take_step": {
                                    "total": 6.385077098675538,
                                    "count": 1972,
                                    "self": 0.0729713985347189,
                                    "children": {
                                        "TorchPolicy.evaluate": {
                                            "total": 6.312105700140819,
                                            "count": 1971,
                                            "self": 6.312105700140819
                                        }
                                    }
                                },
                                "workers": {
                                    "total": 0.017925799533259124,
                                    "count": 1971,
                                    "self": 0.0,
                                    "children": {
                                        "worker_root": {
                                            "total": 23.77282280178042,
                                            "count": 1971,
                                            "is_parallel": true,
                                            "self": 8.59658680058783,
                                            "children": {
                                                "steps_from_proto": {
                                                    "total": 0.0003907000063918531,
                                                    "count": 1,
                                                    "is_parallel": true,
                                                    "self": 0.000206699944101274,
                                                    "children": {
                                                        "_process_rank_one_or_two_observation": {
                                                            "total": 0.00018400006229057908,
                                                            "count": 2,
                                                            "is_parallel": true,
                                                            "self": 0.00018400006229057908
                                                        }
                                                    }
                                                },
                                                "UnityEnvironment.step": {
                                                    "total": 15.1758453011862,
                                                    "count": 1971,
                                                    "is_parallel": true,
                                                    "self": 0.08390689850784838,
                                                    "children": {
                                                        "UnityEnvironment._generate_step_input": {
                                                            "total": 0.21463880047667772,
                                                            "count": 1971,
                                                            "is_parallel": true,
                                                            "self": 0.21463880047667772
                                                        },
                                                        "communicator.exchange": {
                                                            "total": 14.538556600688025,
                                                            "count": 1971,
                                                            "is_parallel": true,
                                                            "self": 14.538556600688025
                                                        },
                                                        "steps_from_proto": {
                                                            "total": 0.3387430015136488,
                                                            "count": 1971,
                                                            "is_parallel": true,
                                                            "self": 0.20104390056803823,
                                                            "children": {
                                                                "_process_rank_one_or_two_observation": {
                                                                    "total": 0.13769910094561055,
                                                                    "count": 3942,
                                                                    "is_parallel": true,
                                                                    "self": 0.13769910094561055
                                                                }
                                                            }
                                                        }
                                                    }
                                                }
                                            }
                                        }
                                    }
                                }
                            }
                        },
                        "trainer_advance": {
                            "total": 0.1530636003590189,
                            "count": 1971,
                            "self": 0.037237901997286826,
                            "children": {
                                "process_trajectory": {
                                    "total": 0.11582569836173207,
                                    "count": 1971,
                                    "self": 0.11582569836173207
                                }
                            }
                        }
                    }
                },
                "trainer_threads": {
                    "total": 1.00000761449337e-06,
                    "count": 1,
                    "self": 1.00000761449337e-06
                },
                "TrainerController._save_models": {
                    "total": 0.11963079997804016,
                    "count": 1,
                    "self": 0.0012365999282337725,