{
    "name": "root",
    "metadata": {
        "timer_format_version": "0.1.0",
        "start_time_seconds": "1745844105",
        "python_version": "3.10.11 (tags/v3.10.11:7d4cc5a, Apr  5 2023, 00:38:17) [MSC v.1929 64 bit (AMD64)]",
        "command_line_arguments": "C:\\UnityProjects\\Powor\\.venv\\Scripts\\mlagents-learn config.yaml --env=C:\\UnityProjects\\Powor\\Build\\Powor.exe --results-dir=Assets/resultsv4 --resume --no-graphics --run-id=AIPlayer-full --torch-device cuda",
        "mlagents_version": "1.1.0",
        "mlagents_envs_version": "1.1.0",
        "communication_protocol_version": "1.5.0",
        "pytorch_version": "2.2.2+cu121",
        "numpy_version": "1.23.5",
        "end_time_seconds": "1745844116"
    },
    "total": 11.31902699999955,
    "count": 1,
    "self": 0.0868196999981592,
    "children": {
        "run_training.setup": {
            "total": 0.08539910000035889,
            "count": 1,
            "self": 0.08539910000035889
        },
        "TrainerController.start_learning": {
            "total": 11.146808200001033,
            "count": 1,
            "self": 0.009987399989768164,
            "children": {
                "TrainerController._reset_env": {
                    "total": 5.9074743000001035,
                    "count": 1,
                    "self": 5.9074743000001035
                },
                "TrainerController.advance": {
                    "total": 5.077076000010493,
                    "count": 815,
                    "self": 0.008637800010546925,
                    "children": {
                        "env_step": {
                            "total": 4.991813999995429,
                            "count": 815,
                            "self": 2.4421578999936173,
                            "children": {
                                "SubprocessEnvManager._take_step": {
                                    "total": 2.5435231999981625,
                                    "count": 815,
                                    "self": 0.02658100002008723,
                                    "children": {
                                        "TorchPolicy.evaluate": {
                                            "total": 2.5169421999780752,
                                            "count": 809,
                                            "self": 2.5169421999780752
                                        }
                                    }
                                },
                                "workers": {
                                    "total": 0.006132900003649411,
                                    "count": 814,
                                    "self": 0.0,
                                    "children": {
                                        "worker_root": {
                                            "total": 6.23456159998932,
                                            "count": 814,
                                            "is_parallel": true,
                                            "self": 4.230046400014544,
                                            "children": {
                                                "steps_from_proto": {
                                                    "total": 0.0020702000001620036,
                                                    "count": 1,
                                                    "is_parallel": true,
                                                    "self": 0.0004523999996308703,
                                                    "children": {
                                                        "_process_rank_one_or_two_observation": {
                                                            "total": 0.0016178000005311333,
                                                            "count": 2,
                                                            "is_parallel": true,
                                                            "self": 0.0016178000005311333
                                                        }
                                                    }
                                                },
                                                "UnityEnvironment.step": {
                                                    "total": 2.002444999974614,
                                                    "count": 814,
                                                    "is_parallel": true,
                                                    "self": 0.027463199936391902,
                                                    "children": {
                                                        "UnityEnvironment._generate_step_input": {
                                                            "total": 0.07688639998013969,
                                                            "count": 814,
                                                            "is_parallel": true,
                                                            "self": 0.07688639998013969
                                                        },
                                                        "communicator.exchange": {
                                                            "total": 1.7914955000214832,
                                                            "count": 814,
                                                            "is_parallel": true,
                                                            "self": 1.7914955000214832
                                                        },
                                                        "steps_from_proto": {
                                                            "total": 0.10659990003659914,
                                                            "count": 814,
                                                            "is_parallel": true,
                                                            "self": 0.06820809997770994,
                                                            "children": {
                                                                "_process_rank_one_or_two_observation": {
                                                                    "total": 0.0383918000588892,
                                                                    "count": 1628,
                                                                    "is_parallel": true,
                                                                    "self": 0.0383918000588892
                                                                }
                                                            }
                                                        }
                                                    }
                                                }
                                            }
                                        }
                                    }
                                }
                            }
                        },
                        "trainer_advance": {
                            "total": 0.07662420000451675,
                            "count": 814,
                            "self": 0.011333700043905992,
                            "children": {
                                "process_trajectory": {
                                    "total": 0.06529049996061076,
                                    "count": 814,
                                    "self": 0.06529049996061076
                                }
                            }
                        }
                    }
                },
                "trainer_threads": {
                    "total": 1.0000003385357559e-06,
                    "count": 1,
                    "self": 1.0000003385357559e-06
                },
                "TrainerController._save_models": {
                    "total": 0.15226950000032957,
                    "count": 1,