{
    "name": "root",
    "gauges": {
        "AIPlayer.Policy.Entropy.mean": {
            "value": 1.9839656352996826,
            "min": 1.8976155519485474,
            "max": 2.0803422927856445,
            "count": 150
        },
        "AIPlayer.Policy.Entropy.sum": {
            "value": 19728.5546875,
            "min": 18869.888671875,
            "max": 20903.279296875,
            "count": 150
        },
        "AIPlayer.Step.mean": {
            "value": 1499976.0,
            "min": 9984.0,
            "max": 1499976.0,
            "count": 150
        },
        "AIPlayer.Step.sum": {
            "value": 1499976.0,
            "min": 9984.0,
            "max": 1499976.0,
            "count": 150
        },
        "AIPlayer.Policy.ExtrinsicValueEstimate.mean": {
            "value": -3.216228485107422,
            "min": -3.75327467918396,
            "max": 3.2984108924865723,
            "count": 150
        },
        "AIPlayer.Policy.ExtrinsicValueEstimate.sum": {
            "value": -533.8939208984375,
            "min": -623.0435791015625,
            "max": 547.5361938476562,
            "count": 150
        },
        "AIPlayer.Environment.EpisodeLength.mean": {
            "value": 599.0,
            "min": 599.0,
            "max": 599.0,
            "count": 150
        },
        "AIPlayer.Environment.EpisodeLength.sum": {
            "value": 10183.0,
            "min": 9584.0,
            "max": 10183.0,
            "count": 150
        },
        "AIPlayer.Environment.CumulativeReward.mean": {
            "value": -23.764998264610767,
            "min": -34.23529128905605,
            "max": -20.20117517867509,
            "count": 150
        },
        "AIPlayer.Environment.CumulativeReward.sum": {
            "value": -380.2399722337723,
            "min": -581.9999519139528,
            "max": -333.9599792994559,
            "count": 150
        },
        "AIPlayer.Policy.ExtrinsicReward.mean": {
            "value": -23.764998264610767,
            "min": -34.23529128905605,
            "max": -20.20117517867509,
            "count": 150
        },
        "AIPlayer.Policy.ExtrinsicReward.sum": {
            "value": -380.2399722337723,
            "min": -581.9999519139528,
            "max": -333.9599792994559,
            "count": 150
        },
        "AIPlayer.IsTraining.mean": {
            "value": 1.0,
            "min": 1.0,
            "max": 1.0,
            "count": 150
        },
        "AIPlayer.IsTraining.sum": {
            "value": 1.0,
            "min": 1.0,
            "max": 1.0,
            "count": 150
        },
        "AIPlayer.Losses.PolicyLoss.mean": {
            "value": 0.025760073711474738,
            "min": 0.016661454581966002,
            "max": 0.03342395046104987,
            "count": 146
        },
        "AIPlayer.Losses.PolicyLoss.sum": {
            "value": 0.025760073711474738,
            "min": 0.016661454581966002,
            "max": 0.03342395046104987,
            "count": 146
        },
        "AIPlayer.Losses.ValueLoss.mean": {
            "value": 0.26669176916281384,
            "min": 0.18743012398481368,
            "max": 1.7977429389953614,
            "count": 146
        },
        "AIPlayer.Losses.ValueLoss.sum": {
            "value": 0.26669176916281384,
            "min": 0.18743012398481368,
            "max": 1.7977429389953614,
            "count": 146
        },
        "AIPlayer.Policy.LearningRate.mean": {
            "value": 2.1449992853332574e-07,
            "min": 2.1449992853332574e-07,
            "max": 0.0002979472006842666,
            "count": 146
        },
        "AIPlayer.Policy.LearningRate.sum": {
            "value": 2.1449992853332574e-07,
            "min": 2.1449992853332574e-07,
            "max": 0.0002979472006842666,
            "count": 146
        },
        "AIPlayer.Policy.Epsilon.mean": {
            "value": 0.1000714666666667,
            "min": 0.1000714666666667,
            "max": 0.19931573333333333,
            "count": 146
        },
        "AIPlayer.Policy.Epsilon.sum": {
            "value": 0.1000714666666667,
            "min": 0.1000714666666667,
            "max": 0.19931573333333333,
            "count": 146
        },
        "AIPlayer.Policy.Beta.mean": {
            "value": 1.3566186666666547e-05,
            "min": 1.3566186666666547e-05,
            "max": 0.004965855093333333,
            "count": 146
        },
        "AIPlayer.Policy.Beta.sum": {
            "value": 1.3566186666666547e-05,
            "min": 1.3566186666666547e-05,
            "max": 0.004965855093333333,
            "count": 146
        }
    },
    "metadata": {
        "timer_format_version": "0.1.0",
        "start_time_seconds": "1743181147",
        "python_version": "3.10.11 (tags/v3.10.11:7d4cc5a, Apr  5 2023, 00:38:17) [MSC v.1929 64 bit (AMD64)]",
        "command_line_arguments": "C:\\UnityProjects\\Powor\\.venv\\Scripts\\mlagents-learn config.yaml --env=C:\\UnityProjects\\Powor\\Build\\Powor.exe --results-dir=Assets/resultsv3 --no-graphics --run-id=AIPlayer-1 --base-port=5005 --torch-device cuda",
        "mlagents_version": "1.1.0",
        "mlagents_envs_version": "1.1.0",
        "communication_protocol_version": "1.5.0",
        "pytorch_version": "2.2.2+cu121",
        "numpy_version": "1.23.5",
        "end_time_seconds": "1743194188"
    },
    "total": 13041.430394799972,
    "count": 1,
    "self": 0.30358509995858185,
    "children": {
        "run_training.setup": {
            "total": 0.07812200000626035,
            "count": 1,
            "self": 0.07812200000626035
        },
        "TrainerController.start_learning": {
            "total": 13041.048687700008,
            "count": 1,
            "self": 25.437973181076813,
            "children": {
                "TrainerController._reset_env": {
                    "total": 6.541857199976221,
                    "count": 1,
                    "self": 6.541857199976221
                },
                "TrainerController.advance": {
                    "total": 13008.991293218976,
                    "count": 1500064,
                    "self": 21.815504383062944,
                    "children": {
                        "env_step": {
                            "total": 12592.112110482296,
                            "count": 1500064,
                            "self": 5942.774175988248,
                            "children": {
                                "SubprocessEnvManager._take_step": {
                                    "total": 6633.560477392952,
                                    "count": 1500064,
                                    "self": 62.23489980655722,
                                    "children": {
                                        "TorchPolicy.evaluate": {
                                            "total": 6571.3255775863945,
                                            "count": 1500064,
                                            "self": 6571.3255775863945
                                        }
                                    }
                                },
                                "workers": {
                                    "total": 15.777457101095933,
                                    "count": 1500064,
                                    "self": 0.0,
                                    "children": {
                                        "worker_root": {
                                            "total": 13004.576091989293,
                                            "count": 1500064,
                                            "is_parallel": true,
                                            "self": 8129.020951485261,
                                            "children": {
                                                "steps_from_proto": {
                                                    "total": 0.0002601000014692545,