{
    "name": "root",
    "gauges": {
        "AIPlayer.Policy.Entropy.mean": {
            "value": 2.0719213485717773,
            "min": 2.0663363933563232,
            "max": 2.084829330444336,
            "count": 57
        },
        "AIPlayer.Policy.Entropy.sum": {
            "value": 10343.03125,
            "min": 133.4290771484375,
            "max": 10418.47265625,
            "count": 57
        },
        "AIPlayer.IsTraining.mean": {
            "value": 1.0,
            "min": 1.0,
            "max": 1.0,
            "count": 57
        },
        "AIPlayer.IsTraining.sum": {
            "value": 1.0,
            "min": 1.0,
            "max": 1.0,
            "count": 57
        },
        "AIPlayer.Step.mean": {
            "value": 1499976.0,
            "min": 1224984.0,
            "max": 1499976.0,
            "count": 56
        },
        "AIPlayer.Step.sum": {
            "value": 1499976.0,
            "min": 1224984.0,
            "max": 1499976.0,
            "count": 56
        },
        "AIPlayer.Policy.ExtrinsicValueEstimate.mean": {
            "value": -1.230299949645996,
            "min": -1.4977672100067139,
            "max": -1.1389985084533691,
            "count": 56
        },
        "AIPlayer.Policy.ExtrinsicValueEstimate.sum": {
            "value": -102.1148910522461,
            "min": -124.31468200683594,
            "max": -94.53688049316406,
            "count": 56
        },
        "AIPlayer.Environment.EpisodeLength.mean": {
            "value": 599.0,
            "min": 599.0,
            "max": 599.0,
            "count": 56
        },
        "AIPlayer.Environment.EpisodeLength.sum": {
            "value": 4792.0,
            "min": 4792.0,
            "max": 5391.0,
            "count": 56
        },
        "AIPlayer.Environment.CumulativeReward.mean": {
            "value": -4.767499728128314,
            "min": -18.139998758211732,
            "max": -1.2799999946728349,
            "count": 56
        },
        "AIPlayer.Environment.CumulativeReward.sum": {
            "value": -38.13999782502651,
            "min": -145.11999006569386,
            "max": -10.239999957382679,
            "count": 56
        },
        "AIPlayer.Policy.ExtrinsicReward.mean": {
            "value": -4.767499728128314,
            "min": -18.139998758211732,
            "max": -1.2799999946728349,
            "count": 56
        },
        "AIPlayer.Policy.ExtrinsicReward.sum": {
            "value": -38.13999782502651,
            "min": -145.11999006569386,
            "max": -10.239999957382679,
            "count": 56
        },
        "AIPlayer.Losses.PolicyLoss.mean": {
            "value": 0.013887757846775154,
            "min": 0.00953929717555487,
            "max": 0.013887757846775154,
            "count": 3
        },
        "AIPlayer.Losses.PolicyLoss.sum": {
            "value": 0.013887757846775154,
            "min": 0.00953929717555487,
            "max": 0.013887757846775154,
            "count": 3
        },
        "AIPlayer.Losses.ValueLoss.mean": {
            "value": 0.3228680873910586,
            "min": 0.32078600575526556,
            "max": 0.3437961727380753,
            "count": 3
        },
        "AIPlayer.Losses.ValueLoss.sum": {
            "value": 0.3228680873910586,
            "min": 0.32078600575526556,
            "max": 0.3437961727380753,
            "count": 3
        },
        "AIPlayer.Policy.LearningRate.mean": {
            "value": 6.819297726933338e-06,
            "min": 6.819297726933338e-06,
            "max": 3.9604886798399994e-05,
            "count": 3
        },
        "AIPlayer.Policy.LearningRate.sum": {
            "value": 6.819297726933338e-06,
            "min": 6.819297726933338e-06,
            "max": 3.9604886798399994e-05,
            "count": 3
        },
        "AIPlayer.Policy.Epsilon.mean": {
            "value": 0.10227306666666665,
            "min": 0.10227306666666665,
            "max": 0.11320160000000001,
            "count": 3
        },
        "AIPlayer.Policy.Epsilon.sum": {
            "value": 0.10227306666666665,
            "min": 0.10227306666666665,
            "max": 0.11320160000000001,
            "count": 3
        },
        "AIPlayer.Policy.Beta.mean": {
            "value": 0.00012342602666666673,
            "min": 0.00012342602666666673,
            "max": 0.0006687598400000001,
            "count": 3
        },
        "AIPlayer.Policy.Beta.sum": {
            "value": 0.00012342602666666673,
            "min": 0.00012342602666666673,
            "max": 0.0006687598400000001,
            "count": 3
        }
    },
    "metadata": {
        "timer_format_version": "0.1.0",
        "start_time_seconds": "1743175747",
        "python_version": "3.10.11 (tags/v3.10.11:7d4cc5a, Apr  5 2023, 00:38:17) [MSC v.1929 64 bit (AMD64)]",
        "command_line_arguments": "C:\\UnityProjects\\Powor\\.venv\\Scripts\\mlagents-learn config.yaml --env=C:\\UnityProjects\\Powor\\Build\\Powor.exe --results-dir=Assets/resultsv2 --resume --no-graphics --run-id=AIPlayer-1 --base-port=5005 --torch-device cuda",
        "mlagents_version": "1.1.0",
        "mlagents_envs_version": "1.1.0",
        "communication_protocol_version": "1.5.0",
        "pytorch_version": "2.2.2+cu121",
        "numpy_version": "1.23.5",
        "end_time_seconds": "1743179107"
    },
    "total": 3359.9735511000035,
    "count": 1,
    "self": 0.2987217000045348,
    "children": {
        "run_training.setup": {
            "total": 0.09978119999868795,
            "count": 1,
            "self": 0.09978119999868795
        },
        "TrainerController.start_learning": {
            "total": 3359.5750482000003,
            "count": 1,
            "self": 6.32195039029466,
            "children": {
                "TrainerController._reset_env": {
                    "total": 13.835511100012809,
                    "count": 1,
                    "self": 13.835511100012809
                },
                "TrainerController.advance": {
                    "total": 3339.348906709667,
                    "count": 280048,
                    "self": 5.799524909351021,
                    "children": {
                        "env_step": {
                            "total": 3247.168304296385,
                            "count": 280048,
                            "self": 1338.2885690064286,
                            "children": {
                                "SubprocessEnvManager._take_step": {
                                    "total": 1904.8735867861833,
                                    "count": 280048,
                                    "self": 17.79277588936384,
                                    "children": {
                                        "TorchPolicy.evaluate": {
                                            "total": 1887.0808108968195,
                                            "count": 280048,
                                            "self": 1887.0808108968195
                                        }
                                    }
                                },
                                "workers": {
                                    "total": 4.006148503773147,
                                    "count": 280048,
                                    "self": 0.0,
                                    "children": {
                                        "worker_root": {
                                            "total": 3339.939672897308,
                                            "count": 280048,
                                            "is_parallel": true,
                                            "self": 2277.7512037997076,
                                            "children": {
                                                "steps_from_proto": {
                                                    "total": 0.00028260002727620304,